{"cameraMode":{"drawMode":0,"name":"Shaded","section":"Shading Mode"},"sceneLighting":false,"audioPlay":false,"sceneViewState":{"m_AlwaysRefresh":false,"showFog":true,"showSkybox":false,"showFlares":true,"showImageEffects":true,"showParticleSystems":true,"showVisualEffectGraphs":true,"m_FxEnabled":true},"in2DMode":false,"pivot":{"x":360.86285400390627,"y":139.25709533691407,"z":1.53826904296875},"rotation":{"x":0.004807962570339441,"y":0.02549278922379017,"z":-0.00012264180986676365,"w":0.9996627569198608},"size":293.64093017578127,"orthographic":false}